{
  "logistic_regression": {
    "accuracy": 0.9992857142857143,
    "precision": 0.9976635514018691,
    "recall": 1.0,
    "f1": 0.9988304093567252,
    "roc_auc": 1.0,
    "confusion_matrix": [
      [
        972,
        1
      ],
      [
        0,
        427
      ]
    ],
    "roc_curve": {
      "fpr": [
        0.0,
        0.0,
        0.0,
        1.0
      ],
      "tpr": [
        0.0,
        0.00234192037470726,
        1.0,
        1.0
      ]
    }
  },
  "decision_tree": {
    "accuracy": 0.9978571428571429,
    "precision": 0.9953271028037384,
    "recall": 0.9976580796252927,
    "f1": 0.9964912280701754,
    "roc_auc": 0.9978012905834583,
    "confusion_matrix": [
      [
        971,
        2
      ],
      [
        1,
        426
      ]
    ],
    "roc_curve": {
      "fpr": [
        0.0,
        0.0020554984583761563,
        1.0
      ],
      "tpr": [
        0.0,
        0.9976580796252927,
        1.0
      ]
    }
  },
  "random_forest": {
    "accuracy": 0.9992857142857143,
    "precision": 0.9976635514018691,
    "recall": 1.0,
    "f1": 0.9988304093567252,
    "roc_auc": 1.0,
    "confusion_matrix": [
      [
        972,
        1
      ],
      [
        0,
        427
      ]
    ],
    "roc_curve": {
      "fpr": [
        0.0,
        0.0,
        0.0,
        0.0,
        0.0,
        0.0,
        0.0,
        0.0,
        0.0,
        0.0,
        0.0,
        0.0,
        0.0,
        0.0,
        0.0,
        0.0,
        0.0,
        0.0,
        0.0,
        0.0,
        0.0,
        0.0,
        0.0,
        0.0,
        0.0,
        0.0,
        0.0,
        0.0,
        0.0,
        0.0,
        0.0,
        0.0,
        0.0,
        0.0,
        0.0,
        0.0,
        0.0,
        0.0,
        0.0,
        0.0,
        0.0,
        0.0,
        0.0,
        0.0,
        0.0,
        0.0,
        0.0,
        0.0,
        0.0,
        0.0,
        0.0,
        0.0,
        0.0,
        0.0,
        0.0,
        0.0,
        0.0,
        0.0,
        0.0,
        0.0,
        0.0,
        0.0,
        0.0,
        0.0,
        0.0,
        0.0,
        0.0,
        0.0,
        0.0,
        0.0,
        0.0,
        0.0,
        0.0,
        0.0,
        0.0,
        0.0,
        0.0,
        0.13257965056526208,
        0.13566289825282632,
        0.13771839671120248,
        0.16649537512846865,
        0.1685508735868448,
        0.17266187050359713,
        0.1747173689619733,
        0.18088386433710174,
        0.1829393627954779,
        0.1932168550873587,
        0.1963001027749229,
        0.20246659815005139,
        0.20452209660842754,
        0.20760534429599178,
        0.20966084275436794,
        0.249743062692703,
        0.2517985611510791,
        0.25590955806783144,
        0.2579650565262076,
        0.2672147995889003,
        0.27132579650565264,
        0.2723535457348407,
        0.2744090441932169,
        0.2816032887975334,
        0.28365878725590954,
        0.2846865364850976,
        0.28776978417266186,
        0.2959917780061665,
        0.29804727646454265,
        0.3114080164439877,
        0.31449126413155193,
        0.3186022610483042,
        0.32168550873586843,
        0.32579650565262075,
        0.3278520041109969,
        0.3319630010277492,
        0.3340184994861254,
        0.3381294964028777,
        0.34532374100719426,
        0.3494347379239466,
        0.35251798561151076,
        0.35765673175745116,
        0.3597122302158273,
        0.3648509763617677,
        0.3669064748201439,
        0.36793422404933196,
        0.3699897225077081,
        0.37307297019527236,
        0.3771839671120247,
        0.37923946557040084,
        0.381294964028777,
        0.3823227132579651,
        0.3854059609455293,
        0.3874614594039055,
        0.39157245632065774,
        0.39568345323741005,
        0.3977389516957862,
        0.4039054470709147,
        0.40596094552929085,
        0.41212744090441933,
        0.41623843782117165,
        0.4182939362795478,
        0.42034943473792397,
        0.4224049331963001,
        0.4244604316546763,
        0.4316546762589928,
        0.43371017471736895,
        0.4357656731757451,
        0.43884892086330934,
        0.4419321685508736,
        0.44398766700924974,
        0.4450154162384378,
        0.44809866392600206,
        0.45426515930113054,
        0.4563206577595067,
        0.4573484069886948,
        0.460431654676259,
        0.4624871531346352,
        0.4645426515930113,
        0.4676258992805755,
        0.4696813977389517,
        0.47070914696813976,
        0.473792394655704,
        0.4748201438848921,
        0.4789311408016444,
        0.48098663926002055,
        0.4830421377183967,
        0.48612538540596095,
        0.4881808838643371,
        0.49023638232271327,
        0.5035971223021583,
        0.5056526207605344,
        0.512846865364851,
        0.5149023638232272,
        0.5159301130524152,
        0.5179856115107914,
        0.5210688591983555,
        0.5231243576567317,
        0.5241521068859198,
        0.526207605344296,
        0.5292908530318602,
        0.5364850976361768,
        0.539568345323741,
        0.5426515930113053,
        0.5467625899280576,
        0.5477903391572456,
        0.5508735868448099,
        0.5560123329907503,
        0.5580678314491264,
        0.5590955806783144,
        0.5611510791366906,
        0.5673175745118191,
        0.5693730729701952,
        0.5765673175745119,
        0.5806783144912642,
        0.5827338129496403,
        0.5837615621788284,
        0.5878725590955807,
        0.5899280575539568,
        0.5940390544707091,
        0.5971223021582733,
        0.5981500513874615,
        0.6022610483042138,
        0.6073997944501541,
        0.6094552929085303,
        0.6125385405960946,
        0.6156217882836588,
        0.6166495375128469,
        0.6228160328879754,
        0.6248715313463515,
        0.6310380267214799,
        0.6351490236382322,
        0.6361767728674204,
        0.6392600205549845,
        0.6423432682425488,
        0.644398766700925,
        0.6464542651593012,
        0.6505652620760535,
        0.65775950668037,
        0.6598150051387461,
        0.6618705035971223,
        0.6649537512846866,
        0.6670092497430626,
        0.6690647482014388,
        0.6721479958890031,
        0.6742034943473793,
        0.6772867420349434,
        0.6813977389516958,
        0.6865364850976362,
        0.6885919835560124,
        0.6896197327852004,
        0.6937307297019527,
        0.6957862281603289,
        0.6988694758478932,
        0.7019527235354573,
        0.7081192189105858,
        0.7091469681397738,
        0.7122302158273381,
        0.7132579650565262,
        0.7153134635149023,
        0.7173689619732785,
        0.7214799588900308,
        0.7266187050359713,
        0.7286742034943474,
        0.7317574511819116,
        0.7358684480986639,
        0.7399794450154162,
        0.7451181911613566,
        0.7523124357656732,
        0.7574511819116135,
        0.7615621788283659,
        0.762589928057554,
        0.7677286742034943,
        0.7697841726618705,
        0.7718396711202467,
        0.7738951695786228,
        0.7821171634121274,
        0.7841726618705036,
        0.7862281603288798,
        0.7903391572456321,
        0.7923946557040082,
        0.7954779033915724,
        0.7975334018499486,
        0.8067831449126414,
        0.8108941418293937,
        0.8129496402877698,
        0.8150051387461459,
        0.8180883864337102,
        0.8201438848920863,
        0.8211716341212744,
        0.8232271325796505,
        0.8242548818088387,
        0.8263103802672148,
        0.8304213771839671,
        0.8324768756423433,
        0.8345323741007195,
        0.8376156217882836,
        0.8406988694758479,
        0.8427543679342241,
        0.8437821171634121,
        0.8458376156217883,
        0.8468653648509764,
        0.8520041109969168,
