{
  "best_model": "logistic_regression_without_email_length",
  "excluded_features": [
    "Email_Length"
  ],
  "accuracy": 0.9928571428571429,
  "precision": 0.986013986013986,
  "recall": 0.990632318501171,
  "f1": 0.9883177570093458,
  "roc_auc": 0.9997400540591282,
  "confusion_matrix": [
    [
      967,
      6
    ],
    [
      4,
      423
    ]
  ],
  "roc_curve": {
    "fpr": [
      0.0,
      0.0,
      0.0,
      0.0010277492291880781,
      0.0010277492291880781,
      0.003083247687564234,
      0.003083247687564234,
      0.017471736896197326,
      0.017471736896197326,
      0.018499486125385406,
      0.018499486125385406,
      0.03905447070914697,
      0.03905447070914697,
      0.10071942446043165,
      0.10277492291880781,
      0.14182939362795477,
      0.14388489208633093,
      0.21068859198355602,
      0.21274409044193218,
      0.22404933196300103,
      0.2261048304213772,
      0.23638232271325796,
      0.23843782117163412,
      0.3103802672147996,
      0.31243576567317577,
      0.34635149023638234,
      0.3484069886947585,
      0.3710174717368962,
      0.37307297019527236,
      0.37410071942446044,
      0.3761562178828366,
      0.3874614594039055,
      0.3895169578622816,
      0.39054470709146966,
      0.3926002055498458,
      0.40698869475847893,
      0.41007194244604317,
      0.4182939362795478,
      0.42034943473792397,
      0.49023638232271327,
      0.49229188078108943,
      0.5107913669064749,
      0.512846865364851,
      0.527235354573484,
      0.5292908530318602,
      0.539568345323741,
      0.5416238437821171,
      0.5529290853031861,
      0.5549845837615622,
      0.5611510791366906,
      0.5632065775950668,
      0.605344295991778,
      0.6073997944501541,
      0.6104830421377184,
      0.6125385405960946,
      0.6433710174717369,
      0.645426515930113,
      0.6598150051387461,
      0.6639260020554985,
      0.6690647482014388,
      0.671120246659815,
      0.6885919835560124,
      0.6916752312435765,
      0.6998972250770812,
      0.7019527235354573,
      0.7492291880781089,
      0.7512846865364851,
      0.7913669064748201,
      0.7934224049331963,
      0.8324768756423433,
      0.8345323741007195,
      0.8406988694758479,
      0.8427543679342241,
      0.8437821171634121,
      0.8458376156217883,
      0.8622816032887975,
      0.8643371017471737,
      0.881808838643371,
      0.8838643371017472,
      0.9486125385405961,
      0.9506680369989723,
      0.9537512846865365,
      0.9558067831449126,
      0.9640287769784173,
      0.9660842754367934,
      1.0
    ],
    "tpr": [
      0.0,
      0.00234192037470726,
      0.9531615925058547,
      0.9531615925058547,
      0.9882903981264637,
      0.9882903981264637,
      0.990632318501171,
      0.990632318501171,
      0.9953161592505855,
      0.9953161592505855,
      0.9976580796252927,
      0.9976580796252927,
      1.0,
      1.0,
      1.0,
      1.0,
      1.0,
      1.0,
      1.0,
      1.0,
      1.0,
      1.0,
      1.0,
      1.0,
      1.0,
      1.0,
      1.0,
      1.0,
      1.0,
      1.0,
      1.0,
      1.0,
      1.0,
      1.0,
      1.0,
      1.0,
      1.0,
      1.0,
      1.0,
      1.0,
      1.0,
      1.0,
      1.0,
      1.0,
      1.0,
      1.0,
      1.0,
      1.0,
      1.0,
      1.0,
      1.0,
      1.0,
      1.0,
      1.0,
      1.0,
      1.0,
      1.0,
      1.0,
      1.0,
      1.0,
      1.0,
      1.0,
      1.0,
      1.0,
      1.0,
      1.0,
      1.0,
      1.0,
      1.0,
      1.0,
      1.0,
      1.0,
      1.0,
      1.0,
      1.0,
      1.0,
      1.0,
      1.0,
      1.0,
      1.0,
      1.0,
      1.0,
      1.0,
      1.0,
      1.0,
      1.0
    ]
  }
}