{
  "logistic_regression": {
    "accuracy": 0.9992857142857143,
    "precision": 0.9976635514018691,
    "recall": 1.0,
    "f1": 0.9988304093567252,
    "roc_auc": 1.0,
    "confusion_matrix": [
      [
        972,
        1
      ],
      [
        0,
        427
      ]
    ],
    "roc_curve": {
      "fpr": [
        0.0,
        0.0,
        0.0,
        1.0
      ],
      "tpr": [
        0.0,
        0.00234192037470726,
        1.0,
        1.0
      ]
    }
  },
  "decision_tree": {
    "accuracy": 0.9964285714285714,
    "precision": 0.9929906542056075,
    "recall": 0.9953161592505855,
    "f1": 0.9941520467836257,
    "roc_auc": 0.9961164557815106,
    "confusion_matrix": [
      [
        970,
        3
      ],
      [
        2,
        425
      ]
    ],
    "roc_curve": {
      "fpr": [
        0.0,
        0.003083247687564234,
        1.0
      ],
      "tpr": [
        0.0,
        0.9953161592505855,
        1.0
      ]
    }
  },
  "random_forest": {
    "accuracy": 0.9992857142857143,
    "precision": 0.9976635514018691,
    "recall": 1.0,
    "f1": 0.9988304093567252,
    "roc_auc": 1.0,
    "confusion_matrix": [
      [
        972,
        1
      ],
      [
        0,
        427
      ]
    ],
    "roc_curve": {
      "fpr": [
        0.0,
        0.0,
        0.0,
        0.0,
        0.0,
        0.0,
        0.0,
        0.0,
        0.0,
        0.0,
        0.0,
        0.0,
        0.0,
        0.0,
        0.0,
        0.0,
        0.0,
        0.0,
        0.0,
        0.0,
        0.0,
        0.0,
        0.0,
        0.0,
        0.0,
        0.0,
        0.0,
        0.0,
        0.0,
        0.0,
        0.0,
        0.0,
        0.0,
        0.0,
        0.0,
        0.0,
        0.0,
        0.0,
        0.0,
        0.0,
        0.0,
        0.0,
        0.0,
        0.0,
        0.0,
        0.0,
        0.0,
        0.0,
        0.0,
        0.0,
        0.0,
        0.0,
        0.0,
        0.0,
        0.0,
        0.0,
        0.0,
        0.0,
        0.0,
        0.0,
        0.0,
        0.0,
        0.0,
        0.0,
        0.0,
        0.0,
        0.0,
        0.0,
        0.0,
        0.0,
        0.0,
        0.0,
        0.0,
        0.0,
        0.0,
        0.0,
        0.0,
        0.0,
        0.0,
        0.0,
        0.0,
        0.0,
        0.0,
        0.0,
        0.0,
        0.0,
        0.0,
        0.0,
        0.07297019527235354,
        0.0750256937307297,
        0.08633093525179857,
        0.08838643371017471,
        0.10483042137718397,
        0.10688591983556012,
        0.1130524152106886,
        0.11613566289825282,
        0.11819116135662898,
        0.12024665981500514,
        0.12435765673175746,
        0.1264131551901336,
        0.13771839671120248,
        0.1397738951695786,
        0.1685508735868448,
        0.17060637204522097,
        0.1747173689619733,
        0.17677286742034942,
        0.20349434737923947,
        0.20554984583761562,
        0.21788283658787255,
        0.2209660842754368,
        0.2250770811921891,
        0.22713257965056527,
        0.23329907502569372,
        0.23741007194244604,
        0.2538540596094553,
        0.25590955806783144,
        0.263103802672148,
        0.26515930113052416,
        0.2672147995889003,
        0.27029804727646456,
        0.2723535457348407,
        0.27543679342240496,
        0.28879753340184994,
        0.2918807810894142,
        0.3001027749229188,
        0.30421377183967113,
        0.3062692702980473,
        0.30832476875642345,
        0.3103802672147996,
        0.31243576567317577,
        0.31551901336073995,
        0.3175745118191161,
        0.32065775950668035,
        0.32476875642343267,
        0.32682425488180883,
        0.328879753340185,
        0.3391572456320658,
        0.34121274409044194,
        0.3442959917780062,
        0.3494347379239466,
        0.35149023638232274,
        0.355601233299075,
        0.35765673175745116,
        0.3617677286742035,
        0.36382322713257964,
        0.3648509763617677,
        0.3669064748201439,
        0.3710174717368962,
        0.37307297019527236,
        0.37410071942446044,
        0.3761562178828366,
        0.3823227132579651,
        0.38437821171634123,
        0.3874614594039055,
        0.3895169578622816,
        0.39054470709146966,
        0.3936279547790339,
        0.39671120246659813,
        0.3997944501541624,
        0.40082219938335045,
        0.4028776978417266,
        0.40596094552929085,
        0.41212744090441933,
        0.4131551901336074,
        0.4172661870503597,
        0.4193216855087359,
        0.4224049331963001,
        0.4265159301130524,
        0.4295991778006166,
        0.4316546762589928,
        0.43268242548818087,
        0.43884892086330934,
        0.4450154162384378,
        0.4460431654676259,
        0.4522096608427544,
        0.4573484069886948,
        0.4614594039054471,
        0.4635149023638232,
        0.46557040082219936,
        0.4686536485097636,
        0.4696813977389517,
        0.47173689619732784,
        0.4748201438848921,
        0.47687564234326824,
        0.4779033915724563,
        0.4799588900308325,
        0.4830421377183967,
        0.4892086330935252,
        0.4933196300102775,
        0.4943473792394656,
        0.4984583761562179,
        0.5005138746145941,
        0.5025693730729702,
        0.5046248715313464,
        0.5066803699897225,
        0.5087358684480987,
        0.5190133607399794,
        0.5220966084275437,
        0.5323741007194245,
        0.5364850976361768,
        0.5426515930113053,
        0.5457348406988695,
        0.5519013360739979,
        0.5529290853031861,
        0.5590955806783144,
        0.5693730729701952,
        0.5714285714285714,
        0.5755395683453237,
        0.578622816032888,
        0.5817060637204522,
        0.5847893114080165,
        0.5868448098663926,
        0.5878725590955807,
        0.5899280575539568,
        0.591983556012333,
        0.5960945529290853,
        0.5981500513874615,
        0.6002055498458376,
        0.6012332990750257,
        0.6032887975334018,
        0.6104830421377184,
        0.6125385405960946,
        0.6197327852004111,
        0.6228160328879754,
        0.6248715313463515,
        0.6279547790339157,
        0.6300102774922919,
        0.6351490236382322,
        0.6413155190133607,
        0.6433710174717369,
        0.6464542651593012,
        0.6485097636176773,
        0.6495375128468653,
        0.6557040082219938,
        0.6598150051387461,
        0.6639260020554985,
        0.6649537512846866,
        0.6700924974306269,
        0.6731757451181911,
        0.6772867420349434,
        0.6803699897225077,
        0.6813977389516958,
        0.6834532374100719,
        0.6855087358684481,
        0.6875642343268242,
        0.6885919835560124,
        0.6906474820143885,
        0.6937307297019527,
        0.6947584789311408,
        0.696813977389517,
        0.697841726618705,
        0.6998972250770812,
        0.7009249743062693,
        0.7040082219938335,
        0.7050359712230215,
        0.7070914696813977,
        0.7081192189105858,
        0.71120246659815,
        0.7122302158273381,
        0.7142857142857143,
        0.7245632065775951,
        0.7276464542651593,
        0.7317574511819116,
        0.736896197327852,
        0.7410071942446043,
        0.7440904419321686,
        0.7461459403905447,
        0.7492291880781089,
        0.7533401849948612,
        0.7553956834532374,
        0.7574511819116135,
        0.7584789311408017,
        0.7605344295991778,
        0.7656731757451182,
        0.7677286742034943,
        0.7708119218910586,
        0.7718396711202467,
        0.775950668036999,
        0.7790339157245632,
        0.7800616649537513,
        0.7831449126413155,
        0.7872559095580678,
        0.7913669064748201,
        0.7975334018499486,
        0.8006166495375129,
        0.802672147995889,
